图片文件名,所在文件夹,打开链接,场景,用途,情绪,关键词,是否已发布,适合什么选题,备注,创建日期
2026-04-06_案件表达_劳动仲裁_岳麓区_法律维权_01.JPG,03_案件表达/2026-04-06_案件表达_劳动仲裁_岳麓区_法律维权_01.JPG,file:///Users/jingboss/.openclaw/workspace/公众号图片素材库/03_案件表达/2026-04-06_案件表达_劳动仲裁_岳麓区_法律维权_01.JPG,法院,配图,专业,"法律程序, 劳动维权, 长沙",否,"劳动法律, 维权流程, 长沙地区",法律程序相关图片,2026-04-06
2026-04-06_案件表达_劳动仲裁_岳麓区_维权_01.JPG,03_案件表达/2026-04-06_案件表达_劳动仲裁_岳麓区_维权_01.JPG,file:///Users/jingboss/.openclaw/workspace/公众号图片素材库/03_案件表达/2026-04-06_案件表达_劳动仲裁_岳麓区_维权_01.JPG,法院,配图,专业,"法律程序, 劳动维权, 长沙",否,"劳动法律, 维权流程, 长沙地区",法律程序相关图片,2026-04-06
2026-04-06_案件表达_劳动仲裁_岳麓区_维权_02.JPG,03_案件表达/2026-04-06_案件表达_劳动仲裁_岳麓区_维权_02.JPG,file:///Users/jingboss/.openclaw/workspace/公众号图片素材库/03_案件表达/2026-04-06_案件表达_劳动仲裁_岳麓区_维权_02.JPG,法院,配图,专业,"法律程序, 劳动维权, 长沙",否,"劳动法律, 维权流程, 长沙地区",法律程序相关图片,2026-04-06
2026-04-06_案件表达_劳动仲裁_岳麓区_长沙人社_01.JPG,03_案件表达/2026-04-06_案件表达_劳动仲裁_岳麓区_长沙人社_01.JPG,file:///Users/jingboss/.openclaw/workspace/公众号图片素材库/03_案件表达/2026-04-06_案件表达_劳动仲裁_岳麓区_长沙人社_01.JPG,法院,配图,专业,"法律程序, 劳动维权, 长沙",否,"劳动法律, 维权流程, 长沙地区",法律程序相关图片,2026-04-06
2026-04-06_案件表达_岳麓区劳动仲裁_农民工维权_长沙法律机构_01.JPG,03_案件表达/2026-04-06_案件表达_岳麓区劳动仲裁_农民工维权_长沙法律机构_01.JPG,file:///Users/jingboss/.openclaw/workspace/公众号图片素材库/03_案件表达/2026-04-06_案件表达_岳麓区劳动仲裁_农民工维权_长沙法律机构_01.JPG,法院,配图,专业,"法律程序, 劳动维权, 长沙",否,"劳动法律, 维权流程, 长沙地区",法律程序相关图片,2026-04-06
2026-04-06_案件表达_岳麓区法院_劳动诉讼_长沙地标_01.JPG,03_案件表达/2026-04-06_案件表达_岳麓区法院_劳动诉讼_长沙地标_01.JPG,file:///Users/jingboss/.openclaw/workspace/公众号图片素材库/03_案件表达/2026-04-06_案件表达_岳麓区法院_劳动诉讼_长沙地标_01.JPG,法院,案例说明,专业,"法院, 法律程序, 劳动维权",否,"劳动仲裁, 法院诉讼, 法律维权",法院相关图片，适合法律程序描述,2026-04-06
2026-04-06_案件表达_岳麓区法院_法律维权_长沙_01.JPG,03_案件表达/2026-04-06_案件表达_岳麓区法院_法律维权_长沙_01.JPG,file:///Users/jingboss/.openclaw/workspace/公众号图片素材库/03_案件表达/2026-04-06_案件表达_岳麓区法院_法律维权_长沙_01.JPG,法院,案例说明,专业,"法院, 法律程序, 劳动维权",否,"劳动仲裁, 法院诉讼, 法律维权",法院相关图片，适合法律程序描述,2026-04-06
2026-04-06_案件表达_法庭_审判_法律维权_01.JPG,03_案件表达/2026-04-06_案件表达_法庭_审判_法律维权_01.JPG,file:///Users/jingboss/.openclaw/workspace/公众号图片素材库/03_案件表达/2026-04-06_案件表达_法庭_审判_法律维权_01.JPG,法院,案例说明,专业,"法院, 法律程序, 劳动维权",否,"劳动仲裁, 法院诉讼, 法律维权",法院相关图片，适合法律程序描述,2026-04-06
2026-04-06_案件表达_法庭_庭审_维权_01.JPG,03_案件表达/2026-04-06_案件表达_法庭_庭审_维权_01.JPG,file:///Users/jingboss/.openclaw/workspace/公众号图片素材库/03_案件表达/2026-04-06_案件表达_法庭_庭审_维权_01.JPG,法院,案例说明,专业,"法院, 法律程序, 劳动维权",否,"劳动仲裁, 法院诉讼, 法律维权",法院相关图片，适合法律程序描述,2026-04-06
2026-04-06_案件表达_法庭场景_庭审现场_法律程序_40.JPG,03_案件表达/2026-04-06_案件表达_法庭场景_庭审现场_法律程序_40.JPG,file:///Users/jingboss/.openclaw/workspace/公众号图片素材库/03_案件表达/2026-04-06_案件表达_法庭场景_庭审现场_法律程序_40.JPG,法院,案例说明,专业,"法院, 法律程序, 劳动维权",否,"劳动仲裁, 法院诉讼, 法律维权",法院相关图片，适合法律程序描述,2026-04-06
2026-04-06_案件表达_法院外景_法律维权_劳动争议诉讼_01.JPG,03_案件表达/2026-04-06_案件表达_法院外景_法律维权_劳动争议诉讼_01.JPG,file:///Users/jingboss/.openclaw/workspace/公众号图片素材库/03_案件表达/2026-04-06_案件表达_法院外景_法律维权_劳动争议诉讼_01.JPG,法院,案例说明,专业,"法院, 法律程序, 劳动维权",否,"劳动仲裁, 法院诉讼, 法律维权",法院相关图片，适合法律程序描述,2026-04-06
2026-04-06_案件表达_法院大厅_法律维权_长沙岳麓法院_01.JPG,03_案件表达/2026-04-06_案件表达_法院大厅_法律维权_长沙岳麓法院_01.JPG,file:///Users/jingboss/.openclaw/workspace/公众号图片素材库/03_案件表达/2026-04-06_案件表达_法院大厅_法律维权_长沙岳麓法院_01.JPG,法院,案例说明,专业,"法院, 法律程序, 劳动维权",否,"劳动仲裁, 法院诉讼, 法律维权",法院相关图片，适合法律程序描述,2026-04-06
2026-04-06_案件表达_法院大楼_劳动维权_长沙_01.JPG,03_案件表达/2026-04-06_案件表达_法院大楼_劳动维权_长沙_01.JPG,file:///Users/jingboss/.openclaw/workspace/公众号图片素材库/03_案件表达/2026-04-06_案件表达_法院大楼_劳动维权_长沙_01.JPG,法院,案例说明,专业,"法院, 法律程序, 劳动维权",否,"劳动仲裁, 法院诉讼, 法律维权",法院相关图片，适合法律程序描述,2026-04-06
2026-04-06_案件表达_法院大楼_法律威严_维权起诉_01.JPG,03_案件表达/2026-04-06_案件表达_法院大楼_法律威严_维权起诉_01.JPG,file:///Users/jingboss/.openclaw/workspace/公众号图片素材库/03_案件表达/2026-04-06_案件表达_法院大楼_法律威严_维权起诉_01.JPG,法院,案例说明,专业,"法院, 法律程序, 劳动维权",否,"劳动仲裁, 法院诉讼, 法律维权",法院相关图片，适合法律程序描述,2026-04-06
2026-04-06_案件表达_法院大楼_立案大厅_法律程序_01.JPG,03_案件表达/2026-04-06_案件表达_法院大楼_立案大厅_法律程序_01.JPG,file:///Users/jingboss/.openclaw/workspace/公众号图片素材库/03_案件表达/2026-04-06_案件表达_法院大楼_立案大厅_法律程序_01.JPG,法院,案例说明,专业,"法院, 法律程序, 劳动维权",否,"劳动仲裁, 法院诉讼, 法律维权",法院相关图片，适合法律程序描述,2026-04-06
2026-04-06_案件表达_法院建筑__法律程序__劳动维权_04.JPG,03_案件表达/2026-04-06_案件表达_法院建筑__法律程序__劳动维权_04.JPG,file:///Users/jingboss/.openclaw/workspace/公众号图片素材库/03_案件表达/2026-04-06_案件表达_法院建筑__法律程序__劳动维权_04.JPG,法院,案例说明,专业,"法院, 法律程序, 劳动维权",否,"劳动仲裁, 法院诉讼, 法律维权",法院相关图片，适合法律程序描述,2026-04-06
2026-04-06_案件表达_法院建筑__法律程序__劳动维权_05.JPG,03_案件表达/2026-04-06_案件表达_法院建筑__法律程序__劳动维权_05.JPG,file:///Users/jingboss/.openclaw/workspace/公众号图片素材库/03_案件表达/2026-04-06_案件表达_法院建筑__法律程序__劳动维权_05.JPG,法院,案例说明,专业,"法院, 法律程序, 劳动维权",否,"劳动仲裁, 法院诉讼, 法律维权",法院相关图片，适合法律程序描述,2026-04-06
2026-04-06_案件表达_法院建筑__法律程序__劳动维权_06.JPG,03_案件表达/2026-04-06_案件表达_法院建筑__法律程序__劳动维权_06.JPG,file:///Users/jingboss/.openclaw/workspace/公众号图片素材库/03_案件表达/2026-04-06_案件表达_法院建筑__法律程序__劳动维权_06.JPG,法院,案例说明,专业,"法院, 法律程序, 劳动维权",否,"劳动仲裁, 法院诉讼, 法律维权",法院相关图片，适合法律程序描述,2026-04-06
2026-04-06_案件表达_法院建筑__法律程序__劳动维权_07.JPG,03_案件表达/2026-04-06_案件表达_法院建筑__法律程序__劳动维权_07.JPG,file:///Users/jingboss/.openclaw/workspace/公众号图片素材库/03_案件表达/2026-04-06_案件表达_法院建筑__法律程序__劳动维权_07.JPG,法院,案例说明,专业,"法院, 法律程序, 劳动维权",否,"劳动仲裁, 法院诉讼, 法律维权",法院相关图片，适合法律程序描述,2026-04-06
2026-04-06_案件表达_法院建筑__法律程序__劳动维权_08.JPG,03_案件表达/2026-04-06_案件表达_法院建筑__法律程序__劳动维权_08.JPG,file:///Users/jingboss/.openclaw/workspace/公众号图片素材库/03_案件表达/2026-04-06_案件表达_法院建筑__法律程序__劳动维权_08.JPG,法院,案例说明,专业,"法院, 法律程序, 劳动维权",否,"劳动仲裁, 法院诉讼, 法律维权",法院相关图片，适合法律程序描述,2026-04-06
2026-04-06_案件表达_法院建筑__法律程序__劳动维权_09.HEIC,03_案件表达/2026-04-06_案件表达_法院建筑__法律程序__劳动维权_09.HEIC,file:///Users/jingboss/.openclaw/workspace/公众号图片素材库/03_案件表达/2026-04-06_案件表达_法院建筑__法律程序__劳动维权_09.HEIC,法院,案例说明,专业,"法院, 法律程序, 劳动维权",否,"劳动仲裁, 法院诉讼, 法律维权",法院相关图片，适合法律程序描述,2026-04-06
2026-04-06_案件表达_法院建筑_法律威严_维权起诉_39.JPG,03_案件表达/2026-04-06_案件表达_法院建筑_法律威严_维权起诉_39.JPG,file:///Users/jingboss/.openclaw/workspace/公众号图片素材库/03_案件表达/2026-04-06_案件表达_法院建筑_法律威严_维权起诉_39.JPG,法院,案例说明,专业,"法院, 法律程序, 劳动维权",否,"劳动仲裁, 法院诉讼, 法律维权",法院相关图片，适合法律程序描述,2026-04-06
2026-04-06_案件表达_法院相关_法律程序_劳动维权_38.JPG,03_案件表达/2026-04-06_案件表达_法院相关_法律程序_劳动维权_38.JPG,file:///Users/jingboss/.openclaw/workspace/公众号图片素材库/03_案件表达/2026-04-06_案件表达_法院相关_法律程序_劳动维权_38.JPG,法院,案例说明,专业,"法院, 法律程序, 劳动维权",否,"劳动仲裁, 法院诉讼, 法律维权",法院相关图片，适合法律程序描述,2026-04-06
2026-04-06_案件表达_电脑截图文件夹电子证据_01.png,03_案件表达/2026-04-06_案件表达_电脑截图文件夹电子证据_01.png,file:///Users/jingboss/.openclaw/workspace/公众号图片素材库/03_案件表达/2026-04-06_案件表达_电脑截图文件夹电子证据_01.png,其他,证据展示,其他,"电脑截图, 文件夹, 电子证据",否,"电子证据, 电脑取证, 内部文件",截图内容清晰，适合做案例说明配图,2026-04-06
2026-04-06_案件表达_立案_维权_劳动争议_01.JPG,03_案件表达/2026-04-06_案件表达_立案_维权_劳动争议_01.JPG,file:///Users/jingboss/.openclaw/workspace/公众号图片素材库/03_案件表达/2026-04-06_案件表达_立案_维权_劳动争议_01.JPG,法院,配图,专业,"法律程序, 劳动维权, 长沙",否,"劳动法律, 维权流程, 长沙地区",法律程序相关图片,2026-04-06
2026-04-06_案件表达_立案大厅_法律维权_长沙法院_01.JPG,03_案件表达/2026-04-06_案件表达_立案大厅_法律维权_长沙法院_01.JPG,file:///Users/jingboss/.openclaw/workspace/公众号图片素材库/03_案件表达/2026-04-06_案件表达_立案大厅_法律维权_长沙法院_01.JPG,法院,案例说明,专业,"法院, 法律程序, 劳动维权",否,"劳动仲裁, 法院诉讼, 法律维权",法院相关图片，适合法律程序描述,2026-04-06
2026-04-06_案件表达_立案大厅_法律诉讼_维权现场_01.JPG,03_案件表达/2026-04-06_案件表达_立案大厅_法律诉讼_维权现场_01.JPG,file:///Users/jingboss/.openclaw/workspace/公众号图片素材库/03_案件表达/2026-04-06_案件表达_立案大厅_法律诉讼_维权现场_01.JPG,法院,配图,专业,"法律程序, 劳动维权, 长沙",否,"劳动法律, 维权流程, 长沙地区",法律程序相关图片,2026-04-06
2026-04-06_案件表达_立案大厅_维权_法律程序_01.JPG,03_案件表达/2026-04-06_案件表达_立案大厅_维权_法律程序_01.JPG,file:///Users/jingboss/.openclaw/workspace/公众号图片素材库/03_案件表达/2026-04-06_案件表达_立案大厅_维权_法律程序_01.JPG,法院,配图,专业,"法律程序, 劳动维权, 长沙",否,"劳动法律, 维权流程, 长沙地区",法律程序相关图片,2026-04-06
2026-04-06_案件表达_立案大厅_维权流程_长沙法院_01.JPG,03_案件表达/2026-04-06_案件表达_立案大厅_维权流程_长沙法院_01.JPG,file:///Users/jingboss/.openclaw/workspace/公众号图片素材库/03_案件表达/2026-04-06_案件表达_立案大厅_维权流程_长沙法院_01.JPG,法院,案例说明,专业,"法院, 法律程序, 劳动维权",否,"劳动仲裁, 法院诉讼, 法律维权",法院相关图片，适合法律程序描述,2026-04-06
2026-04-06_案件表达_锦旗_弱势群体_维权成功_01.JPG,03_案件表达/2026-04-06_案件表达_锦旗_弱势群体_维权成功_01.JPG,file:///Users/jingboss/.openclaw/workspace/公众号图片素材库/03_案件表达/2026-04-06_案件表达_锦旗_弱势群体_维权成功_01.JPG,其他,案例说明,信任感,"锦旗, 维权成功, 专业认可",否,"胜诉案例, 客户认可, 专业成果",锦旗照片，展示专业成果和客户认可,2026-04-06
2026-04-06_案件表达_锦旗_维权成功_德和衡长沙_01.JPG,03_案件表达/2026-04-06_案件表达_锦旗_维权成功_德和衡长沙_01.JPG,file:///Users/jingboss/.openclaw/workspace/公众号图片素材库/03_案件表达/2026-04-06_案件表达_锦旗_维权成功_德和衡长沙_01.JPG,其他,案例说明,信任感,"锦旗, 维权成功, 专业认可",否,"胜诉案例, 客户认可, 专业成果",锦旗照片，展示专业成果和客户认可,2026-04-06
2026-04-06_案件表达_锦旗_胜诉_专业认可_01.JPG,03_案件表达/2026-04-06_案件表达_锦旗_胜诉_专业认可_01.JPG,file:///Users/jingboss/.openclaw/workspace/公众号图片素材库/03_案件表达/2026-04-06_案件表达_锦旗_胜诉_专业认可_01.JPG,其他,案例说明,信任感,"锦旗, 维权成功, 专业认可",否,"胜诉案例, 客户认可, 专业成果",锦旗照片，展示专业成果和客户认可,2026-04-06
2026-04-06_案件表达_长沙_开福区法院_法律诉讼_01.JPG,03_案件表达/2026-04-06_案件表达_长沙_开福区法院_法律诉讼_01.JPG,file:///Users/jingboss/.openclaw/workspace/公众号图片素材库/03_案件表达/2026-04-06_案件表达_长沙_开福区法院_法律诉讼_01.JPG,法院,案例说明,专业,"法院, 法律程序, 劳动维权",否,"劳动仲裁, 法院诉讼, 法律维权",法院相关图片，适合法律程序描述,2026-04-06
2026-04-06_案件表达_长沙县_综治中心_纠纷调解_01.JPG,03_案件表达/2026-04-06_案件表达_长沙县_综治中心_纠纷调解_01.JPG,file:///Users/jingboss/.openclaw/workspace/公众号图片素材库/03_案件表达/2026-04-06_案件表达_长沙县_综治中心_纠纷调解_01.JPG,法院,配图,专业,"法律程序, 劳动维权, 长沙",否,"劳动法律, 维权流程, 长沙地区",法律程序相关图片,2026-04-06
2026-04-06_案件表达_长沙岳麓区_人民法院_劳动维权_01.JPG,03_案件表达/2026-04-06_案件表达_长沙岳麓区_人民法院_劳动维权_01.JPG,file:///Users/jingboss/.openclaw/workspace/公众号图片素材库/03_案件表达/2026-04-06_案件表达_长沙岳麓区_人民法院_劳动维权_01.JPG,法院,案例说明,专业,"法院, 法律程序, 劳动维权",否,"劳动仲裁, 法院诉讼, 法律维权",法院相关图片，适合法律程序描述,2026-04-06
2026-04-06_案件表达_长沙法院_劳动维权_天心区_02.JPG,03_案件表达/2026-04-06_案件表达_长沙法院_劳动维权_天心区_02.JPG,file:///Users/jingboss/.openclaw/workspace/公众号图片素材库/03_案件表达/2026-04-06_案件表达_长沙法院_劳动维权_天心区_02.JPG,法院,案例说明,专业,"法院, 法律程序, 劳动维权",否,"劳动仲裁, 法院诉讼, 法律维权",法院相关图片，适合法律程序描述,2026-04-06
2026-04-06_案件表达_长沙法院_劳动诉讼_维权_01.JPG,03_案件表达/2026-04-06_案件表达_长沙法院_劳动诉讼_维权_01.JPG,file:///Users/jingboss/.openclaw/workspace/公众号图片素材库/03_案件表达/2026-04-06_案件表达_长沙法院_劳动诉讼_维权_01.JPG,法院,案例说明,专业,"法院, 法律程序, 劳动维权",否,"劳动仲裁, 法院诉讼, 法律维权",法院相关图片，适合法律程序描述,2026-04-06
2026-04-06_案件表达_长沙法院_天心区_维权起诉_01.JPG,03_案件表达/2026-04-06_案件表达_长沙法院_天心区_维权起诉_01.JPG,file:///Users/jingboss/.openclaw/workspace/公众号图片素材库/03_案件表达/2026-04-06_案件表达_长沙法院_天心区_维权起诉_01.JPG,法院,案例说明,专业,"法院, 法律程序, 劳动维权",否,"劳动仲裁, 法院诉讼, 法律维权",法院相关图片，适合法律程序描述,2026-04-06
2026-04-06_案件表达_长沙法院_开福区_劳动维权_01.JPG,03_案件表达/2026-04-06_案件表达_长沙法院_开福区_劳动维权_01.JPG,file:///Users/jingboss/.openclaw/workspace/公众号图片素材库/03_案件表达/2026-04-06_案件表达_长沙法院_开福区_劳动维权_01.JPG,法院,案例说明,专业,"法院, 法律程序, 劳动维权",否,"劳动仲裁, 法院诉讼, 法律维权",法院相关图片，适合法律程序描述,2026-04-06
2026-04-06_案件表达_长沙法院_开福区_诉讼服务_01.JPG,03_案件表达/2026-04-06_案件表达_长沙法院_开福区_诉讼服务_01.JPG,file:///Users/jingboss/.openclaw/workspace/公众号图片素材库/03_案件表达/2026-04-06_案件表达_长沙法院_开福区_诉讼服务_01.JPG,法院,案例说明,专业,"法院, 法律程序, 劳动维权",否,"劳动仲裁, 法院诉讼, 法律维权",法院相关图片，适合法律程序描述,2026-04-06
2026-04-06_办公场景_办公场景__工作环境__律师日常_10.JPG,02_办公场景/2026-04-06_办公场景_办公场景__工作环境__律师日常_10.JPG,file:///Users/jingboss/.openclaw/workspace/公众号图片素材库/02_办公场景/2026-04-06_办公场景_办公场景__工作环境__律师日常_10.JPG,办公室,配图,专业,"办公环境, 工作场景, 律师日常",否,"律师工作, 办公日常, 职业发展",办公环境图片,2026-04-06
2026-04-06_办公场景_办公场景__工作环境__律师日常_11.JPG,02_办公场景/2026-04-06_办公场景_办公场景__工作环境__律师日常_11.JPG,file:///Users/jingboss/.openclaw/workspace/公众号图片素材库/02_办公场景/2026-04-06_办公场景_办公场景__工作环境__律师日常_11.JPG,办公室,配图,专业,"办公环境, 工作场景, 律师日常",否,"律师工作, 办公日常, 职业发展",办公环境图片,2026-04-06
2026-04-06_办公场景_办公场景__工作环境__律师日常_12.JPG,02_办公场景/2026-04-06_办公场景_办公场景__工作环境__律师日常_12.JPG,file:///Users/jingboss/.openclaw/workspace/公众号图片素材库/02_办公场景/2026-04-06_办公场景_办公场景__工作环境__律师日常_12.JPG,办公室,配图,专业,"办公环境, 工作场景, 律师日常",否,"律师工作, 办公日常, 职业发展",办公环境图片,2026-04-06
2026-04-06_办公场景_办公场景__工作环境__律师日常_13.JPG,02_办公场景/2026-04-06_办公场景_办公场景__工作环境__律师日常_13.JPG,file:///Users/jingboss/.openclaw/workspace/公众号图片素材库/02_办公场景/2026-04-06_办公场景_办公场景__工作环境__律师日常_13.JPG,办公室,配图,专业,"办公环境, 工作场景, 律师日常",否,"律师工作, 办公日常, 职业发展",办公环境图片,2026-04-06
2026-04-06_办公场景_办公场景__工作环境__律师日常_14.JPG,02_办公场景/2026-04-06_办公场景_办公场景__工作环境__律师日常_14.JPG,file:///Users/jingboss/.openclaw/workspace/公众号图片素材库/02_办公场景/2026-04-06_办公场景_办公场景__工作环境__律师日常_14.JPG,办公室,配图,专业,"办公环境, 工作场景, 律师日常",否,"律师工作, 办公日常, 职业发展",办公环境图片,2026-04-06
2026-04-06_办公场景_办公场景__工作环境__律师日常_15.JPG,02_办公场景/2026-04-06_办公场景_办公场景__工作环境__律师日常_15.JPG,file:///Users/jingboss/.openclaw/workspace/公众号图片素材库/02_办公场景/2026-04-06_办公场景_办公场景__工作环境__律师日常_15.JPG,办公室,配图,专业,"办公环境, 工作场景, 律师日常",否,"律师工作, 办公日常, 职业发展",办公环境图片,2026-04-06
2026-04-06_办公场景_办公场景__工作环境__律师日常_16.JPG,02_办公场景/2026-04-06_办公场景_办公场景__工作环境__律师日常_16.JPG,file:///Users/jingboss/.openclaw/workspace/公众号图片素材库/02_办公场景/2026-04-06_办公场景_办公场景__工作环境__律师日常_16.JPG,办公室,配图,专业,"办公环境, 工作场景, 律师日常",否,"律师工作, 办公日常, 职业发展",办公环境图片,2026-04-06
2026-04-06_办公场景_办公场景__工作环境__律师日常_17.JPG,02_办公场景/2026-04-06_办公场景_办公场景__工作环境__律师日常_17.JPG,file:///Users/jingboss/.openclaw/workspace/公众号图片素材库/02_办公场景/2026-04-06_办公场景_办公场景__工作环境__律师日常_17.JPG,办公室,配图,专业,"办公环境, 工作场景, 律师日常",否,"律师工作, 办公日常, 职业发展",办公环境图片,2026-04-06
2026-04-06_办公场景_办公场景__工作环境__律师日常_18.JPG,02_办公场景/2026-04-06_办公场景_办公场景__工作环境__律师日常_18.JPG,file:///Users/jingboss/.openclaw/workspace/公众号图片素材库/02_办公场景/2026-04-06_办公场景_办公场景__工作环境__律师日常_18.JPG,办公室,配图,专业,"办公环境, 工作场景, 律师日常",否,"律师工作, 办公日常, 职业发展",办公环境图片,2026-04-06
2026-04-06_办公场景_办公场景__工作环境__律师日常_19.JPG,02_办公场景/2026-04-06_办公场景_办公场景__工作环境__律师日常_19.JPG,file:///Users/jingboss/.openclaw/workspace/公众号图片素材库/02_办公场景/2026-04-06_办公场景_办公场景__工作环境__律师日常_19.JPG,办公室,配图,专业,"办公环境, 工作场景, 律师日常",否,"律师工作, 办公日常, 职业发展",办公环境图片,2026-04-06
2026-04-06_办公场景_德和衡_律师事务所_形象墙_01.JPG,02_办公场景/2026-04-06_办公场景_德和衡_律师事务所_形象墙_01.JPG,file:///Users/jingboss/.openclaw/workspace/公众号图片素材库/02_办公场景/2026-04-06_办公场景_德和衡_律师事务所_形象墙_01.JPG,办公室,人设,专业,"德和衡, 律师事务所, 形象墙",否,"律师形象, 律所介绍, 专业展示",律所形象墙，适合展示专业背景,2026-04-06
2026-04-06_办公场景_法律相关__工作场景__律师日常_19.JPG,02_办公场景/2026-04-06_办公场景_法律相关__工作场景__律师日常_19.JPG,file:///Users/jingboss/.openclaw/workspace/公众号图片素材库/02_办公场景/2026-04-06_办公场景_法律相关__工作场景__律师日常_19.JPG,办公室,配图,专业,"办公环境, 工作场景, 律师日常",否,"律师工作, 办公日常, 职业发展",办公环境图片,2026-04-06
